<?xml version="1.0" encoding="UTF-8" standalone="yes"?>
<addon id="repository.mykodirepos" name="NIELDC KODI Repos" version="1.0.0" provider-name="nieldc">
	<extension point="xbmc.addon.repository" name="NIELDC KODI Repos">
		<info compressed="false">https://dl.dropboxusercontent.com/u/62302783/MyKodiRepos/addons.xml</info>
		<checksum>https://dl.dropboxusercontent.com/u/62302783/MyKodiRepos/addons.xml.md5</checksum>
		<datadir zip="true">https://dl.dropboxusercontent.com/u/62302783/MyKodiRepos/zips</datadir>
	</extension>
	<extension point="xbmc.addon.metadata">
		<summary>My KODI Setup Repositories</summary>
		<description>My KODI Setup Repositories</description>
		<disclaimer></disclaimer>
		<platform>all</platform>
	</extension>
</addon>
