<?xml version="1.0" encoding="UTF-8" standalone="yes"?>
<addon id="repository.nieldc-xbmc" name="Nieldc XBMC Repo" version="1.0.4" provider-name="nieldc">
	<extension point="xbmc.addon.repository" name="Nieldc XBMC Repo">
		<info compressed="false">https://dl.dropboxusercontent.com/u/62302783/Repository/addons.xml</info>
		<checksum>https://dl.dropboxusercontent.com/u/62302783/Repository/addons.xml.md5</checksum>
		<datadir zip="true">https://dl.dropboxusercontent.com/u/62302783/Repository/zips</datadir>
	</extension>
	<extension point="xbmc.addon.metadata">
		<summary>Pinoy TV addon repository.</summary>
		<description>Pinoy Add-ons for XBMC.</description>
		<disclaimer></disclaimer>
		<platform>all</platform>
	</extension>
</addon>
