<?xml version="1.0" encoding="UTF-8" standalone="yes"?>
<addon id="service.mypvrtools"
       name="My PVR Tools"
      version="1.0.5"
      provider-name="NIELDC">
    <requires>
        <import addon="xbmc.addon" version="12.0.0"/>
        <import addon="xbmc.python" version="2.1.0"/>
        <import addon="script.module.requests"/>
    </requires>
    <extension point="xbmc.service" library="service.py" start="login"/>
    <extension point="xbmc.addon.metadata">
        <summary lang="en">A simple pvr iptv tool addon for kodi (PVR IPTV Simple)</summary>
         <description lang="en">This addon allows you to download, extract and merge xmltv files to make a single xmltv file for PVR IPTV Simple addon. It supports internet files compressed in gzip or zip format (or just plain xml). The same is applied to different m3u lists (local or hosted on the web)</description>
        <platform>all</platform>
        <license>GNU GENERAL PUBLIC LICENSE. Version 2, June 1991</license>
		<assets>
			<icon>icon.png</icon>
			<fanart>fanart.jpg</fanart>
			<screenshot>resources/screenshots/screenshot001.png</screenshot>
			<screenshot>resources/screenshots/screenshot002.png</screenshot>
			<screenshot>resources/screenshots/screenshot003.png</screenshot>
			<screenshot>resources/screenshots/screenshot004.png</screenshot>
		</assets>
    </extension>
</addon>
