<?xml version="1.0" encoding="UTF-8" standalone="yes"?>
<addon id="repository.prismtv" name="[COLORpurple]Prism[/COLOR] Repository" version="4.0.0" provider-name="Team Prism">
		<extension point="xbmc.addon.repository" name="Bla Bla Repository">
			<info compressed="false">http://46.4.84.105/WebSpace/keepyournoseout/addons.xml</info>
			<checksum>http://46.4.84.105/WebSpace/keepyournoseout/addonsmd5.txt</checksum>
			<datadir zip="true">http://46.4.84.105/WebSpace/keepyournoseout/addons/</datadir>
		</extension>
		<extension point="xbmc.addon.metadata">
			<summary>Use At Your Own Risk</summary>
			<description>I Do What I Want With My Repo, If You Dont Like That, Please Do Not Proceed To Install..</description>
			<platform>all</platform>
		</extension>
</addon>