<?xml version="1.0" encoding="UTF-8" standalone="yes"?>
<addon id="repository.mykodirepos" name="NIELDC KODI Repos" version="1.0.3" provider-name="nieldc">
	<extension point="xbmc.addon.repository" name="NIELDC KODI Repos">
		<info compressed="false">https://raw.githubusercontent.com/rdctx11/myaddons/master/addons.xml</info>
		<checksum>https://raw.githubusercontent.com/rdctx11/myaddons/master/addons.xml.md5</checksum>
		<datadir zip="true">https://raw.githubusercontent.com/rdctx11/myaddons/master/zips</datadir>
	</extension>
	<extension point="xbmc.addon.metadata">
		<summary>My KODI Setup Repositories</summary>
		<description>My KODI Setup Repositories</description>
		<disclaimer></disclaimer>
		<platform>all</platform>
	</extension>
</addon>
