<?xml version="1.0" encoding="utf-8"?>
<window>
	<allowoverlay>no</allowoverlay>
	<coordinates>
		<system>1</system>
		<posx>0</posx>
		<posy>0</posy>
	</coordinates>
	<controls>
        <control type="image">
            <description>workaround for texture not being loaded</description>
            <posx>-10000</posx>
            <posy>-10000</posy>
            <width>1</width>
            <height>1</height>
            <texture>tvguide-program-red.png</texture>
        </control>
        <control type="image">
            <description>workaround for texture not being loaded</description>
            <posx>-10000</posx>
            <posy>-10000</posy>
            <width>1</width>
            <height>1</height>
            <texture>tvguide-program-red-focus.png</texture>
        </control>

        <!-- Background -->
		<control type="image" id="4600">
			<posx>0</posx>
			<posy>0</posy>
			<width>1280</width>
			<height>720</height>
            <texture>tvguide-background-default.jpg</texture>
            <fadetime>500</fadetime>
            <animation type="Conditional" condition="Control.IsVisible(5000)">
                <effect type="fade" start="100" end="0" time="500" />
            </animation>
		</control>
        <control type="image">
            <posx>0</posx>
            <posy>0</posy>
            <width>1280</width>
            <height>720</height>
            <texture>tvguide-background.png</texture>
            <animation type="Conditional" condition="Control.IsVisible(5000)">
                <effect type="fade" start="100" end="0" time="500" />
            </animation>
        </control>

        <control type="label" id="5000">
            <description>visibility marker for TV Guide group</description>
        </control>
        <control type="group">
            <description>TV Guide group</description>
            <posx>0</posx>
            <posy>0</posy>
            <width>1280</width>
            <height>720</height>
            <visible>!Control.IsVisible(5000)</visible>

            <control type="button" id="5001">
                <description>marker for EPG data view - should be hidden!</description>
                <posx>180</posx>
                <posy>110</posy>
                <width>1080</width>
                <height>400</height>
                <visible>false</visible>
            </control>
			
			<control type="image" id="4100">
                <posx>180</posx>
                <posy>108</posy>
                <width>-1000%</width>
                <height>401</height>
                <texture>tvguide-timebar.png</texture>
            </control>

			<control type="image">
				<description>workaround for texture not being loaded</description>
				<posx>0</posx>
				<posy>108</posy>
				<width>180</width>
				<height>401</height>
				<visible>true</visible>
				<texture>tvguide-background-left.png</texture>
			</control>
			
			<control type="image">
				<description>workaround for texture not being loaded</description>
				<posx>177</posx>
				<posy>110</posy>
				<width>3</width>
				<height>400</height>
				<visible>false</visible>
				<texture>background-cover2.png</texture>
			</control>
			
			<control type="image">
				<description>workaround for texture not being loaded</description>
				<posx>0</posx>
				<posy>110</posy>
				<width>5</width>
				<height>400</height>
				<visible>false</visible>
				<texture>background-cover2.png</texture>
			</control>
			
			<control type="image">
				<description>workaround for texture not being loaded</description>
				<posx>1280</posx>
				<posy>78</posy>
				<width>-23</width>
				<height>446</height>
				<visible>true</visible>
				<texture flipx="true">tvguide-background-right.png</texture>
			</control>
			
			<control type="image">
                <description>PTV Guide logo</description>
                <posx>25</posx>
                <posy>7</posy>
                <width>160</width>
                <height>65</height>
                <aspectratio>keep</aspectratio>
                <fadetime>500</fadetime>
                <texture>kodi_logo.png</texture>
				<visible>false</visible>
            </control>
			
			<control type="image">
                <description>TV Guide logo</description>
                <posx>490</posx>
                <posy>7</posy>
                <width>300</width>
                <height>65</height>
                <aspectratio>keep</aspectratio>
                <fadetime>500</fadetime>
                <texture>tvguide-logo.png</texture>
				<visible>false</visible>
            </control>

            <!-- Date and time row -->
            <control type="group">
                <posx>0</posx>
                <posy>10</posy>
                <width>1280</width>
                <height>50</height>
                <visible>true</visible>
				
			

                <control type="label" id="4000">
                    <description>Displays todays date</description>
                    <posx>1250</posx>
                    <posy>-20</posy>
                    <width>180</width>
                    <height>100</height>
                    <textcolor>ffffffff</textcolor>
                    <font>font13</font>
					<align>right</align>
                    <aligny>center</aligny>
					<visible>false</visible>
                </control>
				
				<control type="label" id="3999">
                    <description>Displays todays date</description>
                    <posx>390</posx>
                    <posy>-4</posy>
                    <width>500</width>
                    <height>100</height>
                    <textcolor>FF1F0033</textcolor>
                    <font>font13</font>
					<align>center</align>
                    <aligny>center</aligny>
                </control>
				
				<control type="label">
                    <description>Displays current time and weather</description>
                    <posx>920</posx>
                    <posy>-4</posy>
                    <width>350</width>
                    <height>100</height>
                    <textcolor>ffffffff</textcolor>
                    <font>font13</font>
					<align>center</align>
                    <aligny>center</aligny>
					<label>[B]$INFO[System.Time(hh:mm:xx)][COLOR=80FFFFFF] | [/COLOR][COLOR=FF00FFFF]$INFO[Window(Weather).Property(Current.Condition)][/COLOR][COLOR=80FFFFFF] | [/COLOR][COLOR=FF00FFFF]$INFO[Weather.Temperature][/COLOR][/B]</label>
                </control>
				
				<control type="label">
                    <description>Channel Column Label</description>
                    <posx>18</posx>
                    <posy>33</posy>
                    <width>160</width>
                    <height>100</height>
                    <textcolor>ffffffff</textcolor>
                    <font>font13</font>
					<align>center</align>
                    <aligny>center</aligny>
					<label>[B]CHANNELS[/B]</label>
                </control>
				
                <control type="label" id="4001">
                    <description>1st half hour column</description>
                    <posx>183</posx>
                    <posy>58</posy>
                    <width>270</width>
                    <height>50</height>
                    <textcolor>ffffffff</textcolor>
                    <font>font13</font>
                    <aligny>center</aligny>
                </control>
                <control type="label" id="4002">
                    <description>2nd half hour column</description>
                    <posx>452</posx>
                    <posy>58</posy>
                    <width>270</width>
                    <height>50</height>
                    <textcolor>ffffffff</textcolor>
                    <font>font13</font>
                    <aligny>center</aligny>
                </control>
                <control type="label" id="4003">
                    <description>3rd half hour column</description>
                    <posx>722</posx>
                    <posy>58</posy>
                    <width>270</width>
                    <height>50</height>
                    <textcolor>ffffffff</textcolor>
                    <font>font13</font>
                    <aligny>center</aligny>
                </control>
                <control type="label" id="4004">
                    <description>4th half hour column</description>
                    <posx>992</posx>
                    <posy>58</posy>
                    <width>270</width>
                    <height>50</height>
                    <textcolor>ffffffff</textcolor>
                    <font>font13</font>
                    <aligny>center</aligny>
                </control>
            </control>

            <!-- Channels column -->
            <control type="group">
                <posx>9</posx>
                <posy>111</posy>
                <width>180</width>
                <height>400</height>
                <visible>true</visible>

                <!-- text labels -->
                <control type="label" id="4010">
                    <description>1st channel</description>
                    <posx>17</posx>
                    <posy>0</posy>
                    <width>150</width>
                    <height>50</height>
                    <textcolor>ff00ffff</textcolor>
                    <font>font13</font>
                    <align>center</align>
                    <aligny>center</aligny>
                    <visible>StringCompare(Control.GetLabel(4110),)</visible>
					<texturenofocus>tvguide-program-grey.png</texturenofocus>
                </control>
                <control type="label" id="4011">
                    <description>2nd channel</description>
                    <posx>17</posx>
                    <posy>50</posy>
                    <width>150</width>
                    <height>50</height>
                    <textcolor>ff00ffff</textcolor>
                    <font>font13</font>
                    <align>center</align>
                    <aligny>center</aligny>
                    <visible>StringCompare(Control.GetLabel(4111),)</visible>
                </control>
                <control type="label" id="4012">
                    <description>3rd channel</description>
                    <posx>17</posx>
                    <posy>100</posy>
                    <width>150</width>
                    <height>50</height>
                    <textcolor>ff00ffff</textcolor>
                    <font>font13</font>
                    <align>center</align>
                    <aligny>center</aligny>
                    <visible>StringCompare(Control.GetLabel(4112),)</visible>
                </control>
                <control type="label" id="4013">
                    <description>4th channel</description>
                    <posx>17</posx>
                    <posy>150</posy>
                    <width>150</width>
                    <height>50</height>
                    <textcolor>ff00ffff</textcolor>
                    <font>font13</font>
                    <align>center</align>
                    <aligny>center</aligny>
                    <visible>StringCompare(Control.GetLabel(4113),)</visible>
                </control>
                <control type="label" id="4014">
                    <description>5th channel</description>
                    <posx>17</posx>
                    <posy>200</posy>
                    <width>150</width>
                    <height>50</height>
                    <textcolor>ff00ffff</textcolor>
                    <font>font13</font>
                    <align>center</align>
                    <aligny>center</aligny>
                    <visible>StringCompare(Control.GetLabel(4114),)</visible>
                </control>
                <control type="label" id="4015">
                    <description>6th channel</description>
                    <posx>17</posx>
                    <posy>250</posy>
                    <width>150</width>
                    <height>50</height>
                    <textcolor>ff00ffff</textcolor>
                    <font>font13</font>
                    <align>center</align>
                    <aligny>center</aligny>
                    <visible>StringCompare(Control.GetLabel(4115),)</visible>
                </control>
                <control type="label" id="4016">
                    <description>7th channel</description>
                    <posx>17</posx>
                    <posy>300</posy>
                    <width>150</width>
                    <height>50</height>
                    <textcolor>ff00ffff</textcolor>
                    <font>font13</font>
                    <align>center</align>
                    <aligny>center</aligny>
                    <visible>StringCompare(Control.GetLabel(4116),)</visible>
                </control>
                <control type="label" id="4017">
                    <description>8th channel</description>
                    <posx>17</posx>
                    <posy>350</posy>
                    <width>150</width>
                    <height>50</height>
                    <textcolor>ff00ffff</textcolor>
                    <font>font13</font>
                    <align>center</align>
                    <aligny>center</aligny>
                    <visible>StringCompare(Control.GetLabel(4117),)</visible>
                </control>
                <control type="label" id="4018">
                    <description>9th channel</description>
                    <posx>17</posx>
                    <posy>400</posy>
                    <width>150</width>
                    <height>50</height>
                    <textcolor>ff00ffff</textcolor>
                    <font>font13</font>
                    <align>center</align>
                    <aligny>center</aligny>
                    <visible>StringCompare(Control.GetLabel(4118),)</visible>
                </control>

                <!-- logo images -->
                <control type="image" id="4110">
                    <description>1st channel</description>
                    <posx>11</posx>
                    <posy>0</posy>
                    <width>160</width>
                    <height>45</height>
                    <aspectratio>keep</aspectratio>
                    <visible>!StringCompare(Control.GetLabel(4110),)</visible>
                </control>
                <control type="image" id="4111">
                    <description>2nd channel</description>
                    <posx>11</posx>
                    <posy>50</posy>
                    <width>160</width>
                    <height>45</height>
                    <aspectratio>keep</aspectratio>
                    <visible>!StringCompare(Control.GetLabel(4111),)</visible>
                </control>
                <control type="image" id="4112">
                    <description>3rd channel</description>
                    <posx>11</posx>
                    <posy>100</posy>
                    <width>160</width>
                    <height>45</height>
                    <aspectratio>keep</aspectratio>
                    <visible>!StringCompare(Control.GetLabel(4112),)</visible>
                </control>
                <control type="image" id="4113">
                    <description>4th channel</description>
                    <posx>11</posx>
                    <posy>150</posy>
                    <width>160</width>
                    <height>45</height>
                    <aspectratio>keep</aspectratio>
                    <visible>!StringCompare(Control.GetLabel(4113),)</visible>
                </control>
                <control type="image" id="4114">
                    <description>5th channel</description>
                    <posx>11</posx>
                    <posy>200</posy>
                    <width>160</width>
                    <height>45</height>
                    <aspectratio>keep</aspectratio>
                    <visible>!StringCompare(Control.GetLabel(4114),)</visible>
                </control>
                <control type="image" id="4115">
                    <description>6th channel</description>
                    <posx>11</posx>
                    <posy>250</posy>
                    <width>160</width>
                    <height>45</height>
                    <aspectratio>keep</aspectratio>
                    <visible>!StringCompare(Control.GetLabel(4115),)</visible>
                </control>
                <control type="image" id="4116">
                    <description>7th channel</description>
                    <posx>11</posx>
                    <posy>300</posy>
                    <width>160</width>
                    <height>45</height>
                    <aspectratio>keep</aspectratio>
                    <visible>!StringCompare(Control.GetLabel(4116),)</visible>
                </control>
                <control type="image" id="4117">
                    <description>8th channel</description>
                    <posx>11</posx>
                    <posy>350</posy>
                    <width>160</width>
                    <height>45</height>
                    <aspectratio>keep</aspectratio>
                    <visible>!StringCompare(Control.GetLabel(4117),)</visible>
                </control>
                <control type="image" id="4118">
                    <description>9th channel</description>
                    <posx>11</posx>
                    <posy>400</posy>
                    <width>160</width>
                    <height>45</height>
                    <aspectratio>keep</aspectratio>
                    <visible>!StringCompare(Control.GetLabel(4118),)</visible>
                </control>
            </control>

            <control type="label" id="4020">
                <description>Program title</description>
                <posx>20</posx>
                <posy>528</posy>
                <width>380</width>
                <height>50</height>
                <textcolor>FF00FFFF</textcolor>
                <font>font13</font>
                <aligny>center</aligny>
				<scroll>true</scroll>
            </control>
            <control type="image">
                <description>Channel logo background</description>
                <posx>703</posx>
                <posy>575</posy>
                <width>324</width>
                <height>106</height>
                <fadetime>500</fadetime>
                <texture>channel-logo-bg.png</texture>
                <visible>!Player.HasMedia</visible>
            </control>
            <control type="image" id="4024">
                <description>Channel logo</description>
                <posx>705</posx>
                <posy>577</posy>
                <width>320</width>
                <height>102</height>
                <fadetime>500</fadetime>
                <visible>!Player.HasMedia</visible>
            </control>
            <control type="image">
                <description>Pinoy logo</description>
                <posx>750</posx>
                <posy>558</posy>
                <width>246</width>
                <height>144</height>
                <aspectratio>keep</aspectratio>
                <fadetime>500</fadetime>
                <texture>pinoy-logo.png</texture>
                <visible>Player.HasMedia</visible>
            </control>
            <control type="label" id="4021">
                <description>Program time</description>
                <posx>600</posx>
                <posy>528</posy>
                <width>340</width>
                <height>50</height>
                <textcolor>FF00FFFF</textcolor>
                <font>font13</font>
                <align>right</align>
                <aligny>center</aligny>
            </control>
            <control type="textbox" id="4022">
                <description>Program description</description>
                <posx>20</posx>
                <posy>592</posy>
                <width>570</width>
                <height>115</height>
                <textcolor>ffffffff</textcolor>
                <font>font13</font>
				<align>justify</align>
                <wrapmultiline>true</wrapmultiline>
                <autoscroll time="3600" delay="6000" repeat="6000">true</autoscroll>
            </control>
            <control type="image" id="4023">
                <description>Program logo / Source logo</description>
                <posx>930</posx>
                <posy>525</posy>
                <width>320</width>
                <height>160</height>
                <aspectratio>keep</aspectratio>
                <fadetime>500</fadetime>
                <texture>tvguide-logo-epg.png</texture>
				<visible>false</visible>
            </control>

            
			
            <control type="label" id="4200">
                <description>visibility marker for loading group</description>
            </control>
            <control type="group">
                <posx>340</posx>
                <posy>250</posy>
                <width>600</width>
                <height>55</height>
                <visible>!Control.IsVisible(4200)</visible>
                <animation effect="fade" start="0" end="100" time="250" delay="1500">Visible</animation>

                <control type="image">
                    <description>loading splash</description>
                    <posx>0</posx>
                    <posy>0</posy>
                    <width>55</width>
                    <height>55</height>
                    <texture>tvguide-loading.gif</texture>
                </control>
                <control type="label">
                    <description>loading splash</description>
                    <posx>70</posx>
                    <posy>0</posy>
                    <width>600</width>
                    <height>55</height>
                    <label>$ADDON[script.ptvguide 30001]</label>
                    <textcolor>ffffffff</textcolor>
                    <font>font30</font>
                    <aligny>center</aligny>
                </control>
                <control type="progress" id="4201">
                    <posx>70</posx>
                    <posy>50</posy>
                    <width>580</width>
                    <height>2</height>
                    <texturebg />
                    <lefttexture />
                    <midtexture>tvguide-white-progress.png</midtexture>
                    <righttexture />
                </control>
                <control type="label" id="4202">
                    <description>loading time left</description>
                    <posx>70</posx>
                    <posy>50</posy>
                    <width>600</width>
                    <height>50</height>
                    <label>...</label>
                    <textcolor>ffffffff</textcolor>
                    <font>font13</font>
                    <aligny>center</aligny>
                </control>
                <control type="button" id="4203">
                    <posx>70</posx>
                    <posy>100</posy>
                    <width>150</width>
                    <height>50</height>
                    <label>$ADDON[script.ptvguide 30008]</label>
                    <textcolor>ffffffff</textcolor>
                    <font>font13</font>
                    <aligny>center</aligny>
                    <align>center</align>
                    <texturefocus>tvguide-program-grey-focus.png</texturefocus>
                    <texturenofocus>tvguide-program-grey.png</texturenofocus>
                </control>
            </control>

            <control type="label" id="4300">
                <description>visibility marker for mouse control group</description>
                <posx>0</posx>
                <posy>0</posy>
                <width>50</width>
                <height>50</height>
            </control>
            <control type="group">
                <posx>0</posx>
                <posy>530</posy>
                <width>1280</width>
                <height>70</height>

                <control type="button" id="4301">
                    <description>navigate to now</description>
                    <posx>1120</posx>
                    <posy>70</posy>
                    <width>70</width>
                    <height>50</height>
                    <label></label>
                    <textcolor>ffffffff</textcolor>
                    <font>font13</font>
                    <aligny>center</aligny>
                    <align>center</align>
                    <texturefocus>tvguide-touch_now_focus.png</texturefocus>
                    <texturenofocus>tvguide-touch_now.png</texturenofocus>
                </control>
                <control type="button" id="4303">
                    <description>navigate up</description>
                    <posx>1120</posx>
                    <posy>10</posy>
                    <width>70</width>
                    <height>60</height>
                    <textcolor>ffffffff</textcolor>
                    <font>font13</font>
                    <label></label>
                    <aligny>center</aligny>
                    <align>center</align>
                    <texturefocus>tvguide-touch_up_focus.png</texturefocus>
                    <texturenofocus>tvguide-touch_up.png</texturenofocus>
                </control>
                <control type="button" id="4304">
                    <description>navigate down</description>
                    <posx>1120</posx>
                    <posy>120</posy>
                    <width>70</width>
                    <height>60</height>
                    <textcolor>ffffffff</textcolor>
                    <font>font13</font>
                    <label></label>
                    <aligny>center</aligny>
                    <align>center</align>
                    <texturefocus>tvguide-touch_down_focus.png</texturefocus>
                    <texturenofocus>tvguide-touch_down.png</texturenofocus>
                </control>
                <control type="button" id="4302">
                    <description>navigate left</description>
                    <posx>1055</posx>
                    <posy>65</posy>
                    <width>70</width>
                    <height>60</height>
                    <textcolor>ffffffff</textcolor>
                    <font>font13</font>
                    <label></label>
                    <aligny>center</aligny>
                    <align>center</align>
                    <texturefocus>tvguide-touch_left_focus.png</texturefocus>
                    <texturenofocus>tvguide-touch_left.png</texturenofocus>
                </control>
                <control type="button" id="4305">
                    <description>navigate right</description>
                    <posx>1185</posx>
                    <posy>65</posy>
                    <width>70</width>
                    <height>60</height>
                    <textcolor>ffffffff</textcolor>
                    <font>font13</font>
                    <label></label>
                    <aligny>center</aligny>
                    <align>center</align>
                    <texturefocus>tvguide-touch_right_focus.png</texturefocus>
                    <texturenofocus>tvguide-touch_right.png</texturenofocus>
                </control>
                <control type="button" id="4306">
                    <description>exit</description>
                    <posx>1220</posx>
                    <posy>10</posy>
                    <width>50</width>
                    <height>50</height>
                    <texturefocus>tvguide-touch_exit_focus.png</texturefocus>
                    <texturenofocus>tvguide-touch_exit.png</texturenofocus>
					<visible>false</visible>
                </control>
                <control type="button" id="4306">
                    <description>exit</description>
                    <posx>1230</posx>
                    <posy>140</posy>
                    <width>30</width>
                    <height>30</height>
                    <texturefocus>tvguide-program-grey-focus.png</texturefocus>
                    <texturenofocus>tvguide-program-grey.png</texturenofocus>
                </control>
				<control type="label">
                    <description>label for exit button</description>
                    <posx>1230</posx>
                    <posy>140</posy>
                    <width>30</width>
                    <height>30</height>
                    <textcolor>ffffffff</textcolor>
                    <font>font13</font>
                    <label>[B]X[/B]</label>
                    <aligny>center</aligny>
                    <align>center</align>
                </control>

            </control>

        </control><!-- id="5000" -->

        <control type="videowindow">
            <posx>0</posx>
            <posy>0</posy>
            <width>1280</width>
            <height>720</height>
            <animation type="Conditional" condition="!Control.IsVisible(5000)">
                <effect type="zoom" end="24" center="930,711" time="500" />
            </animation>
        </control>

        <control type="label" id="6000">
            <description>visibility marker for OSD Info bar</description>
        </control>
        <control type="group">
            <description>OSD Info bar</description>
            <posx>0</posx>
            <posy>455</posy>
            <width>1280</width>
            <height>265</height>
            <visible>!Control.IsVisible(6000)</visible>
            <animation effect="fade" start="0" end="100" time="500">VisibleChange</animation>

            <control type="image">
                <posx>0</posx>
                <posy>0</posy>
                <width>1280</width>
                <height>265</height>
                <texture>osd-main.png</texture>
            </control>

            <!-- Program description -->
            <control type="label" id="6001">
                <description>Program title</description>
                <posx>30</posx>
                <posy>82</posy>
                <width>700</width>
                <height>50</height>
                <label>[B]Title[/B]</label>
                <textcolor>FF00FFFF</textcolor>
                <font>font13</font>
                <aligny>center</aligny>
            </control>
            <control type="label" id="6002">
                <description>Program time</description>
                <posx>890</posx>
                <posy>82</posy>
                <width>240</width>
                <height>50</height>
                <label>[B]18:00 - 20:00[/B]</label>
                <textcolor>FF00FFFF</textcolor>
                <font>font13</font>
                <align>right</align>
                <aligny>center</aligny>
            </control>
            <control type="textbox" id="6003">
                <description>Program description</description>
                <posx>32</posx>
                <posy>150</posy>
                <width>1010</width>
                <height>110</height>
                <label>Description</label>
                <textcolor>ffffffff</textcolor>
                <font>font13</font>
                <wrapmultiline>true</wrapmultiline>
                <autoscroll time="3600" delay="6000" repeat="6000">true</autoscroll>
            </control>
            <control type="image" id="6004">
                <description>Program channel logo</description>
                <posx>915</posx>
                <posy>15</posy>
                <width>313</width>
                <height>91</height>
            </control>
            <control type="label" id="6005">
                <description>Program channel text</description>
                <posx>915</posx>
                <posy>15</posy>
                <width>313</width>
                <height>91</height>
                <textcolor>ffffffff</textcolor>
                <font>font13</font>
                <align>center</align>
                <aligny>center</aligny>
                <visible>StringCompare(Control.GetLabel(6004),)</visible>
            </control>

        </control>

	</controls>
</window>
