<?xml version="1.0" encoding="UTF-8" standalone="yes"?>
<addon id="script.ptvguide" name="PTV Guide" version="1.2.3" provider-name="nieldc">
	<requires>
		<import addon="xbmc.python" version="2.1.0"/>
		<import addon="script.module.simplejson" version="2.0.10"/>
	</requires>
	<extension point="xbmc.python.script" library="addon.py"/>
	<extension point="xbmc.addon.metadata">
		<summary lang="en">EPG for your favourite Live TV Channels.</summary>
		<summary lang="en_US">EPG for your favourite Live TV Channels.</summary>
		<description lang="en">PTV Guide is an electronic program guide that allows you to combine some of your favourite plugins to use for the Live TV Channel links.</description>
		<description lang="en_US">PTV Guide is an electronic program guide that allows you to combine some of your favourite plugins to use for the Live TV Channel links.</description>
		<disclaimer lang="en">PTV Guide is based on the original FTV Guide addon by bluezed.</disclaimer>
		<language></language>
		<platform>all</platform>
		<license>GPLv2</license>
		<forum></forum>
		<website></website>
		<email></email>
		<source></source>
	</extension>
</addon>
