<?xml version="1.0" encoding="UTF-8" standalone="yes"?>
<addon id="plugin.video.F.T.V"
       name="FilmOn.TV"
       version="1.3.8~alpha1"
       provider-name="kinkin, icon by azad720">
    <requires>
        <import addon="xbmc.python" version="2.1.0"/>
        <import addon="script.module.t0mm0.common" version="1.1.0"/>
    </requires>
    <extension point="xbmc.python.pluginsource"
               	library="default.py">
        <provides>video</provides>
    </extension>
    <extension point="xbmc.addon.metadata">
        <platform>all</platform>
        <summary>Free to view live streaming</summary>
        <description>Stream Live TV from FilmOn or watch FilmOn Demand. Login with your FilmOn user-name to access recording features.</description>
    </extension>
	
</addon>
