﻿<?xml version="1.0" encoding="UTF-8" standalone="yes"?>
<addon id="plugin.video.sambuhaytvmass"
	name="Sambuhay TV Mass" version="1.0.5" provider-name="NIELDC">
  <requires>
    <import addon="xbmc.python" version="2.1.0"/>
    <import addon="script.module.addon.common" version="2.0.0"/>
    <import addon="plugin.video.youtube" version="5.0.0"/>
  </requires>
  <extension point="xbmc.python.pluginsource" library="default.py">
    <provides>video</provides>
  </extension>
  <extension point="xbmc.addon.metadata">
    <summary lang="en">Sambuhay TV Mass</summary>
    <description lang="en">SAMBUHAY TV MASS, a production of ST PAULS AUDIOVISUALS, is an apostolate of the priests and brothers of the SOCIETY OF ST PAUL (SSP) who proclaim the Gospel through the media of social communications.The Society of St Paul is an international religious congregation located in 35 countries, whose particular call and ministry is to live and give to the world Jesus Christ, the Way, the Truth, and the Life through the communications media.</description>
    <platform>all</platform>
  </extension>
</addon>
