﻿<?xml version="1.0" encoding="UTF-8" standalone="yes"?>
<addon id="plugin.video.gmanews"
	name="GMA News Online" version="1.0.3" provider-name="NIELDC">
  <requires>
    <import addon="xbmc.python" version="2.1.0"/>
    <import addon="script.module.addon.common" version="2.0.0"/>
    <import addon="plugin.video.youtube" version="5.0.0"/>
  </requires>
  <extension point="xbmc.python.pluginsource" library="default.py">
    <provides>video</provides>
  </extension>
  <extension point="xbmc.addon.metadata">
    <summary lang="en">GMA News and Public Affairs online videos.</summary>
    <description lang="en">The official YouTube Channel of GMA News and Public Affairs.</description>
    <platform>all</platform>
  </extension>
</addon>
