<?xml version="1.0" encoding="UTF-8" standalone="yes"?>
<addon id="repository.mykodirepos" name="NIELDC KODI Repos" version="1.0.1" provider-name="nieldc">
	<extension point="xbmc.addon.repository" name="NIELDC KODI Repos">
		<info compressed="false">https://www.dropbox.com/s/o5rj1zcxvyuj2z8/addons.xml?dl=1</info>
		<checksum>https://www.dropbox.com/s/r3lqtlgt6r7zrr2/addons.xml.md5?dl=1</checksum>
		<datadir zip="true">https://raw.githubusercontent.com/rdctx11/myaddons/master/zips</datadir>
	</extension>
	<extension point="xbmc.addon.metadata">
		<summary>My KODI Setup Repositories</summary>
		<description>My KODI Setup Repositories</description>
		<disclaimer></disclaimer>
		<platform>all</platform>
	</extension>
</addon>
