﻿<?xml version="1.0" encoding="UTF-8" standalone="yes"?>
<addon id="plugin.video.abscbnnews"
	name="ABS-CBN News" version="1.0.3" provider-name="NIELDC">
  <requires>
    <import addon="xbmc.python" version="2.1.0"/>
    <import addon="script.module.addon.common" version="2.0.0"/>
    <import addon="plugin.video.youtube" version="5.0.0"/>
  </requires>
  <extension point="xbmc.python.pluginsource" library="default.py">
    <provides>video</provides>
  </extension>
  <extension point="xbmc.addon.metadata">
    <summary lang="en">ABS-CBN News and Current Affairs youtube videos.</summary>
    <description lang="en">This is the official YouTube video channel of ABS-CBN News and Current Affairs</description>
    <platform>all</platform>
  </extension>
</addon>
