<?xml version="1.0" encoding="UTF-8" standalone="yes"?>
<addon id="plugin.video.pinoytv-live"
       name="Pinoy TV Live!"
       version="1.1.6"
       provider-name="nieldc">
  <requires>
    <import addon="xbmc.python" version="2.1.0"/>
	<import addon="script.module.beautifulsoup" version="3.0.8"/>
    <import addon="script.module.simplejson" />
  </requires>
  <extension point="xbmc.python.pluginsource"
            library="default.py">
        <provides>video</provides>
  </extension>
  <extension point="xbmc.addon.metadata">
    <summary>Pinoy Live TV Channels</summary>
    <description>Live streaming of Pinoy TV Channels</description>
    <platform>all</platform>
  </extension>
</addon>
