<?xml version="1.0" encoding="UTF-8" standalone="yes"?>
<addon id="plugin.video.navixxx"
	name="Navi XXX"
	version="1.0.6"
	provider-name="nieldc">
  <requires>
    <import addon="xbmc.python" version="2.1.0"/>
    <import addon="script.module.urlresolver"  version="2.1.2"/>
    <import addon="script.module.addon.common" version="2.0.0"/>
  </requires>
  <extension point="xbmc.python.pluginsource" library="default.py">
    <provides>video</provides>
  </extension>
  <extension point="xbmc.addon.metadata">
    <summary lang="en">Adult videos from Navi-X</summary>
    <description lang="en">Adult videos from Navi-X</description>
    <platform>all</platform>
  </extension>
</addon>
