<?xml version="1.0" encoding="UTF-8" standalone="yes"?>
<addon id="repository.nieldcpinoystreams" name="NIELDC's PinoyStreams" version="1.0.0" provider-name="nieldc">
	<extension point="xbmc.addon.repository" name="NIELDC's PinoyStreams">
		<info compressed="false">https://raw.githubusercontent.com/rdctx11/myaddons/master/addons.xml</info>
		<checksum>https://raw.githubusercontent.com/rdctx11/myaddons/master/addons.xml.md5</checksum>
		<datadir zip="true">https://raw.githubusercontent.com/rdctx11/myaddons/master/zips</datadir>
	</extension>
	<extension point="xbmc.addon.metadata">
		<summary>Pinoy Streams Repository</summary>
		<description>Pinoy Streams Repository</description>
		<disclaimer></disclaimer>
		<platform>all</platform>
	</extension>
</addon>
