<?xml version="1.0" encoding="UTF-8" standalone="yes"?>
<addon id="plugin.video.pinoystreams" name="PINOY STREAMS" version="2.1.0" provider-name="NIELDC">
  <requires>
    <import addon="xbmc.python" version="2.1.0"/>
	<import addon="script.module.urlresolver"  version="2.10.12"/>
	<import addon="script.module.addon.common" />
	<import addon="script.module.requests" />
	<import addon="script.module.beautifulsoup" version="3.0.8"/>
  </requires>
  <extension point="xbmc.python.pluginsource" library="default.py">
		<provides>video</provides>
  </extension>
  <extension point="xbmc.addon.metadata">
	<summary lang="en">Pinoy Movies, Teleserye Replay, PBA Games Replay, Pinoy TV and Pinoy Radio Live Streams</summary>
	<description lang="en">Pinoy Streams provides Filipino contents scraped from different websites. Dedicated to all Kabayans living abroad.</description>
	<disclaimer lang="en">The author does not host or distribute any of the content displayed by this addon or have any affiliation with the website owners.</disclaimer>
	<platform>all</platform>
  </extension>
</addon>
